<?xml version="1.0" encoding="UTF-8"?>
<project-private xmlns="http://www.netbeans.org/ns/project-private/1">
    <editor-bookmarks xmlns="http://www.netbeans.org/ns/editor-bookmarks/2" lastBookmarkId="0"/>
    <open-files xmlns="http://www.netbeans.org/ns/projectui-open-files/2">
        <group>
            <file>file:/B:/Program_Files/mpLab/Unige/Embedded-System/Second_Assignment/Final_Assignment.X/parser.c</file>
            <file>file:/B:/Program_Files/mpLab/Unige/Embedded-System/Second_Assignment/Final_Assignment.X/adc.c</file>
            <file>file:/B:/Program_Files/mpLab/Unige/Embedded-System/Second_Assignment/Final_Assignment.X/uart.c</file>
            <file>file:/B:/Program_Files/mpLab/Unige/Embedded-System/Second_Assignment/Final_Assignment.X/timer.c</file>
            <file>file:/B:/Program_Files/mpLab/Unige/Embedded-System/Second_Assignment/Final_Assignment.X/main.c</file>
            <file>file:/B:/Program_Files/mpLab/Unige/Embedded-System/Second_Assignment/Final_Assignment.X/pwm.c</file>
        </group>
    </open-files>
</project-private>
